title,source,step,num,time
전복 버터구이 레시피 간단한 전복 마늘 버터구이 만드는 법 ,"전복, 마늘, 방울토마토, 버터, 소금, 후추, 파슬리가루, 식용류","전복솔을 이용해서 전복 5마리를 깨끗하게 씻어줍니다; 전복을 숟가락을 이용하여 껍질과 분리한 후 내장을 칼로 제거하여 분리합니다; 전복에 칼집을 고르게 내주고 소금 2 꼬집, 후추 2 꼬집으로골고루 전복에 뿌려서 밑간을 합니다; 달군 팬에 식용류 1T 두르고 마늘 20개 넣고 노릇하게 구워줍니다; 전복과 버터를 넣고 앞뒤로 익혀 노릇하게 구워줍니다 그리고 방울토마토를 마지막에 볶아줍니다 1. 구운 전복과 마늘을 접시에 담고 2. 방울토마토만 따로 남은 버터 기름에 구워줍니다; 접시에 담아주면 전복 버터구이 완성입니다",2인분,30분 이내
연두부 계란 카레 덮밥 만드는법,"티아시아커리분말4인분, 물, 밥, 연두부, 계란, 당근, 애호박, 브로콜리, 가지, 감자, 양파, 새송이버섯",야채를 손질해서 씻어 준비해요.; 부드러운 계란과 연두부와 잘 어우러져야 해서 야채를 잘게 다져 주세요. 데친 브로콜리도 냉장고에 있어서 다져서 추가했어요.; 카레 가루는 물을 약간 넣고 미리 섞어 개어 놓아요.; 냄비에 야채를 넣고 물을 부어요.; 10분 정도 뚜껑을 덮고 중강불에서 푹 끓여 주세요.; 불을 약불로 줄이고 개어 놓은 카레를 넣고 잘 섞어 주세요.; 계란은 잘 저어서 풀어 주세요.; 풀어 놓은 계란을 넣어요.; 연두부를 한입크기로 썰어 넣고 뚜껑을 덮고 약불에서 한소끔 끓여 주세요.; 밥을 데워 접시에 담고 카레를 얹어 주세요. 연두부를 위에 떠놓아요.,2인분,20분 이내
순두부 계란탕 끓이는법 맑은 계란순두부국 레시피 순두부 계란 요리,"순두부202g, 계란, 코인육수, 대파, 다진마늘, 참치액, 소금, 물","순두부는 반 으로 잘라서 반 봉만 준비하고, 계란 1개, 코인 육수 2개를 준비하고 대파는 송송 썰고, 다진 마늘 0.5큰술을 준비합니다.; 순두부는 비닐봉지에서 꺼 낸 후에 1cm 정도의 두께로 잘라줍니다.(순두부가 잘 꺼내지지 않을 때에는 봉지 뒤쪽을 가위로 살짝 잘라주면 쉽게 꺼 낼 수 있어요); 그릇에 계란을 톧 깨서 넣은 후에 소금 1꼬집 정도를 넣고; 숟가락으로 저어주면서 계란물을 만듭니다.; 냄비에 물 800ml, 코인육수 2개를 넣고 가스불 센불에 올려줍니다.; 물이 끓어오르면 참치액 1.5큰술과; 순두부를 모두 넣어줍니다.; 보글보글 끓어오르면 계란물을 넣고 잠시 기다렸다가 계란이 익으면서 위로 동동 떠오르면 숟가락으로 뒤적여줍니다.; 끓어오르면서 위로 올라오는 거품은 숟가락으로 걷어내줍니다.; 다시 끓어오르면 대파와 다진 마늘을 넣고 뒤적여주고 한소끔 끓여줍니다.; 맛을 보고 싱겁게 느껴지면 소금을 살짝 추가하고 뒤적여 준 다음에 가스불을 꺼 줍니다.; 마지막으로 후추를 톡톡톡 뿌리고 마무리를 해주면 맑은 순두부 계란국 끓이는법 완성입니다.",2인분,10분 이내
견과류 품은 멸치볶음; 잔멸치 볶음 손이 가요 손이가~,"잔멸치, 아몬드, 호두, 진간장, 올리브오일, 올리고당, 설탕, 맛술, 마요네즈, 통깨","잔멸치 준비 프라이팬에 잔멸치를 바삭해질 때까지 볶아주기 (기름 x) *멸치의 비린 맛을 줄여주기 위함과 바삭한 식감을 위해서 귀찮아도 멸치 먼저 볶아주기~~; 멸치를 채반에 담아 가루를 털어 없애 주기 (멸치 가루 엄청 많다요~~); 아몬드와 호두 준비; 양념 끓이기 진간장 2t, 올리브오일 3t, 올리고당 3t, 설탕 1t, 맛술 2t 준비한 양념을 팬에 담아 중불로 끓이다가 약불로 줄여주기; 멸치와 견과류를 넣고 볶아주기; 재료가 잘 섞이면 불을 끄기/ 마요네즈 1t를 넣고 버무려주기 (고소한 풍미를 위함); 마무리는 역시나 통깨 솔솔~~~~손이 가요 손이가~~멸치볶음에 손이가 ㅋㅋㅋㅋ 견과류 품은 멸치볶음 완성~!!",,
"애호박 요리, 애호박계란국 레시피","애호박, 양파, 계란, 대파, 육수, 참치액젓, 소금, 다진마늘, 국간장, 후추","육수 8컵을 준비해서 끓여주세요. (코인육수 사용하시면 편하답니다.); 계란 3알은 잘 풀어서 준비합니다.; 애호박, 양파, 대파는 먹기 좋은 크기로 다 썰어주세요.; 육수가 끓으면 썰어놓은 애호박, 양파를 넣어주세요.; 다진마늘 1T 들어갑니다.; 참치액젓 2T, 국간장 0.5T 넣어줍니다.; 소금 0.5T 넣어 간해주세요.; 애호박이 익으면 계란물을 둘러주세요.; 후추 0.2T 톡톡 뿌려주세요.; 대파 넣어 마무리 해주시면 됩니다.",4인분,30분 이내
숙주나물 무침,"숙주1봉, 다진마늘, 대파실파또는쪽파가능, 소금, 참치액또는조미료약간, 참기름, 통깨","숙주나물 한 봉지를 차가운 물에 깨끗이 씻어주세요. 연두색으로 보이는 것이 녹두 껍질이니 잘 씻어주세요.; 씻은 숙주나물은 체에 밭쳐 잠시 놓아두고 냄비에 숙주나물이 잠길 정도의 물을 받아 끓여주세요.; 물이 끓을 동안 다진 마늘과 대파(쪽파, 실파)를 쫑쫑 썰어서 준비해 주세요.; 물이 팔팔 끓으면 씻어놓은 숙주를 데쳐주세요.; 끓는 물에 넣은 숙주는 1분 이내로 데쳐주세요. 너무 오래 데치면 숙주나물을 무쳤을 때 아삭한 식감이 없어지고 질깃한 식감이 생겨요.; 데친 숙주는 흐르는 찬물에 재빨리 헹구어 주세요.; 찬물에 헹군 숙주나물을 체에 밭쳐 잠시 물기를 빼 주세요.; 나물을 무칠 수 있는 넓은 볼에 데친 숙주나물을 넣어주세요. 물기를 살짝 걷어내는 정도는 괜찮지만 너무 꼭 짜서 사용하는 것은 추천드리지 않아요. 나물을 무쳤을 때 살짝 촉촉한 수분감이 있어야 더 맛있는 나물 무침이 돼요.; 나물을 무칠 양념인 다진 마늘, 대파(쪽파, 실파), 소금, 참치 액(또는 조미료 약간), 참기름, 통깨를 넣고 조물조물 무쳐주세요.; 손에 살짝 힘을 주어서 조물조물 무쳐야 양념이 나물 속으로 잘 배어들어가요. 마지막으로 간을 본 후 식성에 맞게 조절해서 마무리해 주세요.; 숙주나물 무침이 완성되었어요. 아삭한 식감이 살아있고 촉촉한 수분감이 더해져서 정말 맛있는 숙주나물 무침이에요.",4인분,30분 이내
특별한 날을 위한 무밀푀유나베,"무, 돼지고기다짐육, 진간장, 부추, 물, 참치액, 맛술","무는 동그랗게 얇게 자른다.; 부추는 송송 썬다.; 돼지고기 다짐육에 부추, 진간장을 넣고 섞는다.; 무에 고기 반죽을 붙여 준다.; 냄비에 고기를 붙인 무를 차곡차곡 쌓는다.; 물, 참치액, 맛술을 넣고 센 불로 끓인다.",2인분,20분 이내
핫윙 조림 비법양념 신세경 스리라차 핫윙 레시피 ,"닭날개, 후추, 미림, 간장, 꿀, 스리라차소스, 레몬즙","닭날개는 소스가 잘 배어들도록 칼집 약간씩 넣어주고 후추와 미림을 넣어 밑간을 해주세요.; 간장 3T, 레몬즙 3T, 꿀3T, 스리라차소스 3T를 넣어서 양념장을 만들어요.; 기름을 약간 두른 팬에 닭날개를 올려서 앞뒤로 노릇하게 구워주세요.; 겉면이 노릇하게 익을 정도면 적당하고 한번 더 조려줄거라 완전히 익지 않아도 괜찮아요.; 익은 날개는 잠시 덜여주세요.; 같은 팬에 만들어둔 소스를 넣어 약불에서 살짝 끓여주세요.; 소스가 끓어 오르면 구워둔 닭날개를 넣어주세요.; 약불에서 저어주며 끓이고 소스가 꾸덕해지면 완성!; 스리라차의 살짝 시큼한 맛이 더해져서 느끼하지 않고 맛있더라구요~ 맥주 생각나는 맛! 집에서 꼭 한번 만들어 드셔보세요!!",2인분,20분 이내
야채전복죽 레시피. 밥으로 전복죽 끓이는 법,"밥, 전복大, 당근, 양파小, 애호박, 국간장, 참치액, 물, 통깨, 참기름","전복은 깨끗하게 손질 후 내장과 이빨을 제거하고 작게 썰어주세요.; 냉장고 사정에 따라 야채를 준비해줍니다. 저는 당근과 양파, 애호박을 준비했어요. 소화시키기 쉽고 먹기 좋게 야채를 아주 잘게 다졌습니다.; 전복내장은 물을 조금 넣고 믹서로 갈아줬어요. 내장을 넣어야 전복죽이 더 진하고 깊은 맛이 느껴져서 저는 내장을 넣어줍니다.; 팬에 참기름을 두르고 전복살을 먼저 볶아줍니다.; 전복이 살짝 익으면 다진 야채들을 넣고 가볍게 섞어주고; 갈아둔 내장을 넣고 볶아주세요.; 그리고 물 4컵을 넣어주세요.; 물이 한번 바르르 끓으면 밥 3공기를 넣어줍니다.; 밥알이 잘 풀리도록 저어주다가 중약불에서 팬 바닥에 죽이 눌러붇지 않도록 저어주며 끓여주세요. 밥알이 잘 풀어지고 죽이 걸죽해지기 시작하면 간을 해줍니다. 혹시 불이 세서 죽의 물이 빨리 졸아들면 물을 추가해주시면 됩니다.; 간은 참치액 1T,; 국간장 1T 넣었더니 알맞았는데 입맛에 따라 가감해주시면 됩니다.; 마무리로 참기름 두르고 통깨 넣어주면 완성입니다.; 고소한 전복죽완성!!; 다진 야채를 넣어서 아이들이 편식없이 맛있게 잘 먹었습니다.",4인분,30분 이내
하이라이스 만들기 ,"떡갈비, 달걀, 양파, 버터, 하이라이스, 물, 다시마5*5cm, 대파, 양파, 당근, 쪽파, 파슬리, 치즈가루","냄비에 물 1L를 붓고,; 다시마 1장(5*5cm),; 대파 1/4대,; 양파 1/4개,; 당근 1/4개를 넣고,; 끓어오르면 다시마는 건진 후(강불), 15분간 더 끓여 주시는 동안(중불),; 달궈진 오목한 팬에 얇게 채썬 양파 1개와; 버터 1조각 넣고,; 노릇해질 때까지 볶아주시면서(약불),; 달걀 2개에 물 750ml를 넣고 끓어 오르면,; 소금 1t,; 식초 1T 넣어 6분간 삶아주세요!; 그러면 아마 채수가 끓은지, 15분이 지났을 거여요~ 그 때 채소는 건져 주신 뒤,; 프라이팬에 포도씨유 1T둘러; 떡갈비 4개를 노릇하게 구워주세요!; 이쯤 되면 달걀 삶은 지 6분 정도가 지나거든요! 그럼 이걸 흐르는 찬물로 달걀의 열기가 식을 때까지 계속 샤워 시켜 주세요! 그래야 껍데기가 이쁘게 잘 까지거든요!; 그동안 캐러멜라이징한 양파,; 고형하이라이스 8개를 고르게 풀어 주신 뒤,; 휘~저어 섞으면 끄읕~~!!; 접시에 하이라이스 먼저 깔아주시고,; 밥과 떡갈비 얹어; 달걀, 쪽파, 파슬리, 치즈가루 올려 마무리하였습니다!; 육식 파인 저희인지라! 그냥 먹기는 아쉬워서 떡갈비와 삶은 달걀을 토핑으로 얹었더니, 훨씬 좋네요~; 오늘도 맛지고 멋지게 드셔요^^",4인분,30분 이내
어린이국~닭곰탕!,"닭삼계탕용800g짜리, 월계수잎, 편생강, 대파, 알마늘, 통후추, 생강술맛술이나소주, 치킨스톡작은큐브, 소금, 후추가루","생닭 큰거한마를 준비후에 꼬리부분,목부분에 껍질과 기름부위를 잘라주세요 끓여주실 냄비에 넣어주시고 찬물을 넣어 깨끗하게 씻어주시고 그대로 물을 버리고 다시 푹잠기도록 물을 붓고 월계수잎,편생강,알마늘,대파를 넣어주세요; 저는 생강술1컵,통후추도 넣었네요 이대로 센불에서 20분을 푹 끓여주시다가 중약불로 낮추시고 20분을 더 끓여주세요; 대파를 쫑쫑썰어서 준비해주세요; 끓여진곳에서 닭을 건져내서 한김식혀준후 닭살만 발라내어 먹기좋게 찢어주세요 끓여진 국물은 거름망에 걸러주세요 찢어놓은 닭살을 걸러내준 국물에 넣어주세요; 치킨스톡을 넣어 잘풀어주시고 소금으로 간을 마추시고 후추가루를 조금 넣어주신후 펄펄 끓여주시고 뜨는 거품과 기름을 국자로 떠서 제거해주세요; 양념후 5~6분을 펄펄 끓여주시고 썰어준 대파를 넣어주시고 휘리릭 한소큼만 끓여주시면 완성이네요; 담백하면서도 국물이 끝내주는 닭곰탕이 완성이 되었네요",6인분 이상,60분 이내
돼지고기 양배추 볶음,"양배추, 돼지고기목살, 꽈리고추, 마늘, 대파, 생강마늘의1/3양, 간장, 청주, 후추","양배추는 가늘게 채썰고, 돼지고기는 한입 크기로 자릅니다. 꽈리고추는 반을 갈라 썩은 씨를 제거해서 채를 썰어줍니다. 생강, 대파, 마늘을 다져서 준비합니다.; 후라이팬에 기름을 넉넉히 넣어 달궈줍니다.; 한입 크기의 돼지고기를 넣어 강불에서 노릇하게 볶습니다.; 돼지고기에서 기름이 나올 쯤 파와 생강을 넣고 같이 볶습니다. (마늘은 마지막에 넣습니다.) 향이 날 때쯤 간장 두숟가락과 청주 두숟가락을 넣어 마저 볶습니다. 알콜이 다 날아갈 때까지 볶아 줍니다.; 양배추를 넣고 간장 한 숟가락, 후추 적당량을 넣어줍니다. 숨이 살짝 죽을 때까지 볶아줍니다.; 양배추 숨이 죽으면 바로 꽈리고추와 다진 마늘을 넣고 살짝 볶아 줍니다.; 완성!",4인분,30분 이내
"즉석,오이 부추 무침(백종원양념)","오이, 부추, 양파, 매운고추선택, 고추장, 고춧가루, 간장, 식초, 참기름, 설탕, 올리고당, 다진마늘, 통깨",오이는 어슷썰고 양파는 얇게 채 썰고 부추는 5cm 길이로 썰어 주세요.; 양념을 넣어주고 잘 버무려줍니다.; 통깨 톡톡 부려주면 오이 무침 완성입니다.,2인분,20분 이내
매운빨간콩나물무침 레시피 매일반찬,"콩나물, 대파, 고추가루, 맛소금, 멸치액젓, 국간장, 참기름, 통깨","콩나물 300G을 잘 세척해 끓는 물에 넣고 3~4분정도 삶아줍니다.; 콩나물을 삶는 동안 대파 반대를 잘게 다지듯이 썰어주세요.; 콩나물이 익으면 찬물에 헹궈 열기를 빼준 후 볼아담아줍니다.; 고추가루 1.5T 흩뿌려주고; 멸치액젓1T, 국간장1T, 맛소금 0.3T넣어주세요.; 그리고 참기름도 적당히 넣어주고; 으깬 통깨를 적당히 넣어준 후 조물조물 무쳐주시면 완성입니다.; 매콤 고소한 빨간콩나물무침 완성입니다. 콩나물 잘게 잘라 밥이랑 슥슥 비벼먹어도 맛있어요.",4인분,15분 이내
햄 감자채볶음 만드는법,"감자큰것, 스팸, 양파, 당근, 마늘, 소금, 후추, 통깨, 참기름","감자는 5~6mm 정도 두께로 일정하게 썰어준 뒤 먹기 좋게 채를 썰어줍니다.; 겉의 전분을 제거하기 위해 물에 담가 살짝 흔들어 씻어줍니다.; 냄비에 재료가 잠길 정도로 물을 붓고 끓어오르면 소금 1 작은 술을 넣어 1분~1분 30초 정도 데쳐줍니다.; 다른 재료도 감자와 크기를 맞추어 채 썰어줍니다. 스팸은 두께를 맞추어 5~6mm로 채 썰고 양파도 비슷하게 잘라줍니다.; 달군 팬에 식용유 3 큰 술을 두르고 간 마늘 1 작은 술을 볶아 향을 내어줍니다.; 마늘 기름 향이 올라오면 데친 감자와 양파, 당근을 넣고 중불로 볶아요.; 감자는 한번 데친 것이라 오래 볶지 않아도 잘 익으며 양파가 투명해지고 먹기 좋은 식감으로 재료가 익으면 스팸을 넣고 함께 볶아줍니다.; 스팸의 감칠맛이 섞이면 소금 2/3 작은 술, 후추 약간을 넣고 간을 해주고 맛있게 익으면 참기름 1 큰 술, 통깨 약간 뿌려 마무리합니다.; 고소하고 담백한 감칠맛이 먹음직스럽게 완성되었습니다.",2인분,20분 이내
오이고추된장무침 (사계절 먹기좋은 밑반찬 고추무침 5분 레시피),"오이고추, 된장, 고추장, 참기름, 올리고당, 통깨",볼에 된장 양념을 모두 넣고 골고루 섞어준다; 오이고추는 깨끗하게 씻어 꼭지를 떼어 낸 후 한 입 크기로 썰어준다; 잘 섞어 놓은 된장 양념에 오이고추를 모두 넣어준다; 수저로 저어가면서 고루 무쳐준다,4인분,5분 이내
아삭한 콩나물무침 레시피/ 하얀 콩나물무침 만들기,"콩나물, 대파, 다진마늘, 참치액, 맛소금, 참기름, 통깨넉넉하게","볼에 콩나물이 잠길 정도의 물을 받고 손으로 살살 흔들어 가면서 3~4번 정도 물을 바꿔가며 세척하고,; 채반에 담아 물기를 빼 줍니다.; 냄비에 물 1.5리터를 넣고 가스불 센불에 올려줍니다.; 물이 끓어오르면 세척한 콩나물을 넣고 뒤적여줍니다.; 콩나물을 넣고 다시 물이 보글보글 끓어오르면 다시 한번 뒤적여주고 5~10초 정도 삶은 후에 가스불을 꺼 줍니다.; 삶은 콩나물은 바로 채반에 쏟아 따뜻한 열기가 없도록 흐르는 물에 뒤적이면서 헹구고 콩나물이 촉촉할 정도로 물기를 짜 줍니다.; 다진 마늘 0.3큰술을 준비하고, 대파는 송송 썰어서 준비합니다.; 볼에 콩나물과 다진 마늘, 대파를 모두 넣어줍니다.; 참치액 1큰술,; 맛소금 0.2작은술 정도를 넣고(콩나물무침에 소금 대신에 맛소금을 넣어주면 더 맛있게 무칠 수 있어요); 참기름 1큰술를 넣고; 통깨는 넉넉하게 넣어줍니다.; 일회용 장갑을 끼고 콩나물에 양념이 골고루 배이도록 콩나물을 살살 털어가면서 버무려줍니다.; 맛을 보고 싱겁게 느껴지면 맛소금을 살짝 추가하고 다시 버무려줍니다.; 마지막으로 통깨를 한 번더 솔솔솔 뿌려주면 아삭한 하얀 콩나물무침 레시피 완성입니다.",3인분,15분 이내
도시락 반찬으로 최고! 스팸감자조림♡,"감자, 스팸, 진간장, 설탕, 후추, 올리고당, 다진마늘, 물","감자는 깍뚝 썰어 2분 데쳐주세요; 스팸은 깍둑 썰어 팬에 노릇하게 구워줍니다; 삶은 감자,다진마늘1스푼을 넣어 살짝 볶아주세요; 물120ml,진간장4스푼,설탕 4스푼,후추 조금을 넣고 뚜껑을 닫아 2분 끓여줍니다; 국물이 줄때까지 졸이다가 올리고당 1스푼을 넣고 잘 섞어 마저 졸여주시면 끝!^^",2인분,10분 이내
"향긋한 취나물 간단하게 쌈장으로 무쳐도 맛있어요, 취나물쌈장무침","취나물, 통깨, 소금, 대파, 쌈장, 다진마늘, 다진대파, 설탕, 참치액젓, 들기름",취나물은 억센 줄기는 제거하고 연한 줄기와 잎 부분만 남겨 손질해요.; 대파는 잘게 다져요.; 끓는 물에 소금을 넣고 데쳐요.; 데친 취나물은 찬물에 가볍게 씻어 물기를 짜요.; 분량의 양념을 섞어 무침양념을 만들어요.; 무침 양념과 취나물을 함께 버무려 완성해요.,2인분,15분 이내
매운 어묵볶음 어묵 요리 맛있게 만들기,"어묵, 대파, 마늘, 알룰로스, 물, 고춧가루, 간장",어묵 손질하기 전에 소스를 먼저 만들어요. 위에 양념을 넣고 고춧가루를 불려 주세요.; 어묵 200g을 젓가락질 하기 좋게 큼직하게 잘라주세요. 준비된 대파도 큼직하게 잘라주시면 됩니다.; 작은 팬에 식용유 1T를 넣어주고; 달궈진 팬에 대파와 마늘을 넣고 향이 올라오게 1분 정도 중불에 볶아줍니다.; 대파와 마늘이 볶아지면 어묵을 넣고 약불에서 1분 정도 볶아 향신료의 향이 어묵에 스며들게 볶아줍니다.; 만들어 둔 양념을 2/3만 먼저 넣고 1차 볶아 줍니다.; 볶다 간이 부족하면 나머지 양념을 넣어 줍니다. 위에 양념이 어묵 200g에 딱 맞는 양념 비율입니다.; 약불에서 2분 정도 양념이 타지 않게 볶아주고 수분이 부족하면 물을 조금씩 넣어 양념이 어우어지게 볶아줍니다.; 촉촉한 어묵 볶음 완성입니다.,2인분,10분 이내
시금치무침 (시금치데치는 방법 시금치나물요리 나물반찬 반찬레시피),"시금치, 소금, 물, 다진마늘, 참치액, 참기름, 깨소금, 소금",시금치는 뿌리를 잘라 낸 후 한잎한잎 떼어서 찬물에 흔들어 가면서 씻어 흙과 불순물을 제거 해 준다; 냄비에 물을 넉넉히 붓고 소금 1스푼을 넣은 후 끓여준다; 물이 끓으면 씻은 시금치를 넣고 약 40초 가량 데쳐준다; 데친 시금치는 찬물에 헹구어 준다; 대파는 길이로 반으로 자른 후 잘게 썰어준다; 볼에 시금치를 꼭 짜서 담아준다; 무침 양념을 모두 넣어준다; 조물조물 양념과 시금치가 고루 섞이 도록 무쳐준다,4인분,10분 이내
베이컨감자채볶음,"감자, 베이컨, 대파, 통깨, 소금, 양파",베이컨감자채볶음를 소개합니다.; 채썬감자는 물로 1분정도 담궈둔후 전분을 모두 제거해줍니다.; 베이컨을 채썰어서 준비합니다.; 후라이팬에 기름을 넉넉하게 두른후 감자가 투명해 질때까지 볶아주세요.어느정도 감자가 투명하게 볶아지면 대파와 양파를 송송 썰어서 넣어주세요.; 감자채베이컨볶음이 완성이 되었습니다.,4인분,20분 이내
새송이버섯버터굴소스볶음 간단반찬,"미니새송이버섯, 버터, 굴소스, 진간장, 통깨",새송이버섯은 길게 편 썰어 주세요; 팬을 달군 후 버터 20그램을 녹여줍니다; 버터가 녹으면 새송이 버섯을 넣어서 볶아 주세요; 버섯이 반쯤 익었을 때 간을 해 줍니다. 굴소스 1스푼 넣어줍니다; 진간장도 0.5T 넣어 줍니다; 통깨도 넣어서 섞어 줍니다; 미니 새송이버섯 버터굴소스볶음 완성입니다.,2인분,5분 이내
참기름 스팸김치볶음 레시피,"김치, 스팸, 식용유, 고춧가루, 간장, 설탕, 올리고당, 참기름, 통깨","김치는 쫑쫑 썰어 준비합니다.; 달군 프라이팬에 식용유 둘러주세요.; 스팸은 으깨거나 깍뚝썰기해서 넣어 주세요.; 스팸이 살짝 노릇해지면 김치를 모두 넣습니다.; 가스레인지 불을 중불로 해주시고, 설탕 1T 넣어주세요.; 고춧가루 1T 들어갑니다.; 간장 1T 넣어주세요.; 올리고당 1T 넣어주시면 됩니다. 그리고 나서, 김치가 다 익을 때까지 충분히 볶아 주세요.; 김치가 다 익었으면 가스레인지 불을 끄고, 참기름 2T 넉넉하게 둘러 주세요.; 통깨 뿌려주시면 완성입니다.",6인분 이상,30분 이내
청경채 된장 무침으로,"청경채, 쪽파, 된장또는쌈장, 간마늘, 고춧가루, 설탕, 매실액, 들기름, 통깨",청경채는 한 잎 한 잎 떼어서 씻어주세요; 끓는 물에 소금을 넣고 30초 ~1분 미만으로 데쳐주세요; 데친 청경채를 찬물에 헹궈서 물기를 빼주세요; 데친 청경채를 먹기 좋게 잘라서 볼에 담아요 그리고 된장 고춧가루 매실액 설탕과 들기름까지 넣고 조물조물 무쳐주세요; 마지막 통깨와 송송 썬 쪽파까지 넣고 무쳐서 완성해 주세요; 역시 나물은 들기름에 무쳐야 맛있어요 된장과 들기름 그리고 아삭한 청경채가 조화로워요,3인분,20분 이내
아이반찬 양파소세지볶음 레시피 양파요리 초스피드반찬,"양파, 비엔나소세지, 굴소스, 올리고당, 참기름, 통깨",비엔나소세지는 먹기좋게 반잘라주거나 칼집내서 준비해주세요.; 양파 반개도 한입크기로잘라줍니다.; 팬에 기름을 조금 두르고 소세지와 양파를 볶아줍니다.; 양파가 투명해지면 굴소스 0.5T를 넣어줍니다.; 그리고 올리고당도 1T넣어줍니다.; 참기름도 1T넣어주고; 통깨 넉넉하게 뿌려서 잘섞어주면 완성입니다.; 접시에 담아서 맛있게드세요.,4인분,10분 이내
시금치 계란 볶음 레시피 다이어트 반찬,"시금치, 계란, 버터, 다진마늘, 소금, 올리브유, 소금",먼저 시금치는 흐르는 물에 깨끗이 씻어줍니다.; 볼에 계란 4개를 풀어준 후 소금 한 꼬집 넣어 간을 해줍니다.; 달군 팬에 올리브유를 두르고 계란물을 부어 스크램블 해주세요. 계란이 익기 전에 젓가락으로 마구마구 저어가면서 몽글몽글하게 스크램블 에그를 만들어줍니다. 스크램블 에그는 80% 정도만 익혀주세요.; 계란이 80% 로만 익으면 따로 접시에 담아줍니다.; 이제 다시 팬에 버터와 다진 마늘을 넣고 버터에 마늘을 익혀주세요.; 깨끗이 씻어둔 시금치를 모두 넣고 볶아줍니다. 소금 약간 넣고 달달 볶다가 시금치의 숨이 죽으면; 미리 만들어둔 스크램블 에그를 넣고 살짝만 볶아주면 백종원 시금치볶음 완성입니다.,4인분,30분 이내
고추장 냉이무침 입안에 봄이 가득 맛있는 냉이요리 냉이손질법 냉이나물,"냉이, 대파, 소금, 범일고추장, 간장, 매실액, 식초, 다진마늘, 참기름, 통깨",시든 잎은 제거하고 뿌리의 잔털과 흙은 칼등으로 살살 긁어주세요.; 끓는 물에 소금을 넣고 손질할 냉이를 1분 30초간 데쳐주세요.; 분량의 양념을 섞어 양념장을 만들어주세요.; 양념과 참기름을 넣고 무쳐 완성해주세요.,2인분,20분 이내
도토리묵김무침 레시피 아이반찬,"도토리묵, 조미김, 진간장, 설탕, 참기름, 통깨, 다진대파",도토리묵 반개만 사용해줍니다. 마트에서 판매하는 묵이라면 따뜻한 물에 데쳐서 사용해야 부들부들 탱글한 묵을 맛볼 수있어요. 묵은 아이들이 먹기 좋은 크기로 깍뚝썰어줍니다.; 그리고 다진 대파 가득 1T정도 준비해주세요.; 조미김 한봉을 잘게 부셔줍니다.; 볼에 도토리묵과 다진 대파를 넣고 간을 해줄께요.; 진간장 1T 넣어줍니다.; 설탕도 0.5T 넣어줍니다.; 참기름 1T 넣어주고; 깨도 듬뿍 넣어주세요.; 그리고 부셔둔 김가루를 넣어준 후 잘 비벼주시면 아이반찬 탱글탱글 고소한 도토리묵김무침이 완성됩니다. 맛있게 드세요.,2인분,5분 이내
"고소한 맛이 좋은 밑반찬, 애호박버섯볶음 만들기(새우젓없이 만들기)","느타리버섯, 애호박, 식용유, 다진마늘, 소금, 참기름, 후춧가루","느타리버섯 2팩을 뜯어서 끄트머리의 더러운 부분을 칼로 잘라 정리해 주세요.; 그리고 물에 살짝 씻은 후에 결대로 찢어주세요.; 애호박 양쪽의 꼭지를 잘라낸 후에 반으로 갈라서 반달모양으로 썰어주세요.; 냄비에 손질한 애호박과 느타리버섯을 넣고 다진마늘 1T를 넣어 주세요.; 식용유 3T와 소금 0.5T를 넣어 주세요.; 이제 센불로 볶아주면 되는데요. 버섯은 물이 많이 나와요. 이 때 물이 다 졸아들때까지 졸이며 익혀주면 됩니다.; 국물이 다 졸면 불을 꺼주세요. 그리고 참기름 0.5T와 후춧가루 조금, 마지막으로 깨소금 0.5T를 넣고 섞어주세요.; 애호박버섯볶음 완성이에요.",4인분,30분 이내
"내 인생 레시피,친정 엄마표 “파채무침”","잔파, 양파, 식초, 간장, 설탕, 고춧가루, 참기름, 통깨",잔파 12대와 양파 1개를 최대한 가늘게 채썰어 줍니다.▶식초 4큰술; ▶간장 2큰술; ▶설탕 2큰술; ▶고춧가루 6큰술; ▶참기름 4큰술; ▶통깨 2큰술재료들을 양념에 조물조물~친정 엄마표 파채무침 완성입니다.; 삼겹살과 함께 먹으면 너무너무 맛있는친정 엄마표 파채무침; 가족을 위해 요리를 만들며 진심을 다 하는 제 손에서도 어느덧 맛진 조미료가 조금씩 나오고 있는것 같습니다.,3인분,30분 이내
알배추무침 불 쓰지 말고 7분만에 뚝딱‼️ 만들어 보세요,"알배추, 대파흰부분, 된장, 국간장, 참기름, 다진마늘, 갈은통깨","알배추는 적당한 크기로 썰은 후 깨끗하게 씻어요 씻은 알배추 전자레인지 전용용기에 담아 3~4분 익혀주세요; 한김 식혀 물기를 꼬옥 짜내주세요; 분량의 양념장을 넣어 잘 섞어요 된장 1큰술, 국간장 1/2큰술, 참기름 1큰술, 총총 썬 대파 흰부분 잘 섞은 후 전자레인지 30초 돌려주세요; 알배추에 다진마늘 1작은술, 갈은통깨 1큰술 양념장 모두 넣어 조물조물 잘 무쳐주시면 완성입니다.",2인분,10분 이내
가지나물,"가지, 마늘, 쪽파, 깨소금, 국간장, 참기름, 소금","손질한 가지는 반으로 자르고 다시 반으로 갈라서 준비해주세요.; 냄비에 물과 삼발이 찜기를 올리고 센 불에서 5분 찐 뒤 불을 끄고, 뜸을 1분 들여요.; 뜸을 들인 후 삼발이 찜기를 들어내서 식혀주세요.; 완전히 식힌 가지는 양푼이에 담아 먹기 좋은 크기로 찢어주세요.; 찢어 놓은 가지에 마늘, 쪽파, 깨소금, 국간장, 소금, 참기름을 넣고 조심스럽게 버무려주세요.; 담백하고 고소한 가지나물이 완성되었어요.",4인분,15분 이내
참나물 된장무침 만들기,"참나물, 고추장, 다진마늘, 된장, 참기름, 깨","준비한 참나물 130g 깨끗하게 씻어주고 헤진부분은 손질해줘요; 끓는물에 아주 살짝 20초 정도로 데쳐줍니다 데치고 꼬옥 짜주었어요; 먹기좋게 칼질해줬어요; 고추장 1/3스푼, 다진마늘 1/2스푼, 된장 1/2스푼, 참기름 두스푼, 깨조금 넣어줘요; 조물조물 무치면 완성ㅎㅎ; 반찬통에 꽉차지도 않을정도 많은양은 아니지만 두번정도 먹기엔 괜찮았고 된장에 무치니까 새롭게 맛있었네요",2인분,20분 이내
다이어트식으로 딱 알배추 두부말이구이,"알배추, 두부, 간장, 고추가루, 다진마늘, 청양고추, 설탕, 참기름",쌈용 알배추를 데쳐주세요; 부드러워진 배추를 펼치고 두부한줄을 잘라넣고 돌돌 말아주세요; 말아놓은 배추는 기름을 살짝 두른 후라이팬에 올려서 구워주세요; 앞뒤를 굽고나면 양념은 발라주세요; 그릇에 옮겨담으면 끝,2인분,15분 이내
[참치쌈장] 입맛없을때 밥도둑이요! ,"참치, 양파, 청양고추, 기름, 물, 된장, 고추장, 고춧가루, 다진마늘, 올리고당, 매실엑기스, 참기름, 깨","양파,고추 잘게썰기; 양념 :다진마늘1T, 고춧가루1/2T,올리고당1T,된장3T,고추장2T,매실엑기스2/3T; 양념에 고추 넣고; 기름뺀 참치 넣어 섞기; 달군 팬이나 냄비에 기름1T두르기; 양파2분정도 볶기; 참치양념과 물 1/2컵 넣고 끓이기; 중약불에 졸이기; 중간에 한번씩 저어주기; 원하는 묽기에서 불끄기; 참기름1/2T; 깨뿌리면 끝; 상추나 찐 양배추에 쌈싸먹으면 꿀~@@",3인분,15분 이내
감자 계란국 끓이는 법 계란 감자국 간단한 맑은 국 요리,"감자, 계란, 양파, 대파, 물, 코인육수, 다진마늘, 국간장, 소금, 후추","재료를 준비해 주세요.; 감자 1개는 껍질을 감자 필러로 벗겨주시고 약 1cm 정도 두께로 썰어 찬물에 3번 정도 씻어 전분을 제거해 주세요.; 양파는 감자와 비슷한 크기로 썰어주세요.; 대파는 쫑쫑쫑 썰어주세요.; 계란은 알끈을 제거하고 풀어주세요.; 물 700ml에 코인 육수 1개를 넣어 주세요. 감자를 넣고 찬물에서부터 5분 끓여주세요.; 양파를 넣어주시고 양념을 해주세요.; 다진 마늘 0.5, 국간장 0.5를 넣고 간을 보신 후 부족한 간은 소금으로 해주세요. 저는 소금 0.3 정도 넣어주었어요.; 계란물을 냄비 가에 쪽으로 둘러서 넣어주세요. 끓어오를 때까지 잠시 두신 후 저어주세요. 계란이 얇고 모양이 예쁘게 익어요.; 대파를 넣어주시고 후추도 약간 넣어주세요.; 저어주고 불 끄고 국그릇에 담아 맛있게 드시면 됩니다.",2인분,10분 이내
단짠단짠 마성의 베이컨덮밥♡,"베이컨, 양파, 진간장, 설탕, 맛술, 다진마늘, 굴소스",양파 반개는 채썰어주고 베이컨은 먹기 좋게 잘라주세요; 팬에 식용유를 두르고 베이컨을 조금 볶다가 양파를 추가해 더 볶아 주세요; 양파가 조금 익었을때 분량의 소스를 붓고 졸여 줍니다; 밥위에 졸인 베이컨을 얹어준후 계란노른자를 올려 주면 더 맛있어요^^,1인분,10분 이내
새송이버섯볶음 간장버섯조림 어린이 밑반찬,"새송이버섯, 대파, 식용유, 진간장, 올리고당, 다진마늘, 참기름, 깨소금, 식용유","새송이 버섯의 밑동을 자르고 살짝 털어 준비해주세요, 버섯은 물에 세척하지 않아도 됩니다; 버섯은 2cm의 넓이로 잘라 벌집무늬로 칼집을 넣어주세요; 기름을 3큰술 두른 팬에 버섯을 볶아주는데 이때 불은 강불입니다; 처음엔 버섯이 기름을 다 먹어 뻣뻣한 느낌이 들지만 계속 볶다보면 버섯에서 수분이 나오기 시작해요. 그 수분까지 날려가며 강불로 버섯이 노릇해지도록 볶아주세요; 버섯의 면이 노릇해졌을 때 불을 중약불로 줄이고 간장 3.5큰술 넣어 간장이 잘 배이게 천천히 조려주세요; 버섯이 간장을 머금어 잘 조려졌을 때쯤 올리고당 2큰술, 다진마늘 1/2큰술 넣어 짧게 볶아주세요; 대파는 1/4대 큼직하게 썰어 넣어 볶아주세요; 깨소금 1/2큰술, 참기름 1큰술 둘러 마무리 해주세요",2인분,20분 이내
우삼겹 콩나물 불고기,"우삼겹, 콩나물, 고추장, 진간장, 맛술, 설탕, 간마늘, 다시다, 후추톡톡","콩나물 400g 세척하여 준비하고, 우삼겹 300g 준비합니다; 가열된 팬에 우삼겹 300g 넣고 구워줍니다; 우삼겹이 앞뒤로 익었을때, 콩나물 400g 넣어줍니다; 양념을 콩나물 위에 올려줍니다 (양념은 미리 섞어서 준비합니다_ 고추장 4T, 진간장 3T, 맛술 3T, 설탕 3T, 간마늘 3T, 다시다 1T, 후추 2꼬집 ); 우삼겹, 콩나물이 양념과 잘 섞이도록 뒤집어 주면서 조려 줍니다; 우삼겹 콩나물 불고기 완성입니다",2인분,20분 이내
구운 참치 간장 주먹밥 레시피 / 아이들 입맛 저격! 자취생도 해먹기 좋은 초간단 주먹밥,"햇반1개, 참치, 간장, 참기름, 깨, 후추","210g 짜리 햇반 하나를 볼에 옮겨 간장 한 숟갈 반, 참기름 1숟갈; 적당량의 후추, 깨를 넣고 비벼줍니다.; 골고루 비벼진 밥을 한 주먹 잡아 동그랗게 만들어준 후; 꾹 눌러 납작하게 해주세요.; 참치캔을 뜯어; 납작하게 만든 밥 가운데에 위치하게 참치를 올려줍니다.; 참치를 올리고 난 후 만두를 빚듯이 밥을 감싸, 동그랗게 만들어 줍니다. 남은 밥도 똑같이 만들어 주세요.; 동그란 주먹밥 2개가 완성되었다면; 불은 중~강불로 해주고 잘 달궈진 팬에 주먹밥을 올려줍니다.; 앞, 뒤, 옆 모두 노릇노릇해질 때까지 구워주세요.; 모두 구워주고 나면 구운 참치 간장 주먹밥 완성!",1인분,10분 이내
알배추 두부참치롤 도리돌돌 말면 한입컷,"알배추, 두부, 참치, 계란, 소금, 후추","알배추를 삶아줘요. 끓는 물에 약 3분 정도 담가두고 투명해지면 건져 식혀두었어요.; 두부 반모를 기름기가 없는 팬에 으깨어 수분을 날려줘요.; 믹싱볼에 참치 반 캔, 수분이 날아간 두부, 그리고 살짝 매콤한 맛을 추가하기 위해 청양고추를 넣어주세요.; 소금과 후추를 톡톡 넣어 간을 맞춰주세요.; 알배추 위에 섞어놓은 두부와 참치를 한스푼 넣고 돌돌돌 말아줘요.; 달걀 두개를 풀어 계란물을 만들어줘요.; 팬에 기름을 두르고 달구어지면 계란물에 적셔 팬 위에 올려요. 앞뒤로 굽굽하면서 노릇하게 구워지면 그릇 위에 담아줘요.; 완성이에요.",1인분,15분 이내
#최애반찬#소세지강정,"비엔나소세지, 양파, 캐첩, 간장, 설탕, 식초, 굴소스, 올리고당","소세지 슥슥 칼집을 넣어주세요.; 끓는 물에 살짝 데쳐 주세요.; 캐첩 5스푼, 간장 1스푼, 굴소스 1스푼, 설탕 1스푼, 식초 1스푼을 넣고 양념장을 만들어 주세요.; 달군팬에 양파 등을 볶아주세요.; 데친 소세지를 넣어주세요.; 양념장을 넣고 달달 볶아주세요.; 윤기 및 달달한 맛을 추가하기 위해 올리고당 한바퀴만 둘러주면 밥도둑 최애반찬 완성입니다.",2인분,20분 이내
백종원 오삼불고기 만드는 법 오징어삼겹살볶음 밥반찬 술안주 손님초대요리 feat. 오징어 삼겹살,"손질오징어, 삼겹살250g, 양파, 통마늘, 대파, 청양고추, 홍고추생략가능, 맛술, 진간장, 고춧가루, 황설탕, 다진마늘, 고추장, 참기름, 통깨","오징어 다리는 손으로 쓸어내려 빨판을 제거하고 짧은 다리는 1개씩, 긴 다리는 반으로 잘라 준비한다.; 오징어 몸통은 길게 반으로 자른 후 약 1.5cm 두께로 썬다.; 오징어 1마리 기준으로 먼저 황설탕 1.5T를 넣고 버무린다.; 양파 반개 채썰기, 대파와 청양고추와 홍고추는 송송 썰거나 어슷 썰고, 통마늘 있으면 반으로 잘라 식감을 더해준다.; 3에 고춧가루 2.5T, 다진 마늘 0.5T, 맛술 3T, 진간장 3T, 고추장 1/2T, 참기름과 통깨를 넣고 버무린다.; 5에 준비한 채소 양파, 대파, 청양고추 통마늘을 넣고 버무린다.; 삼겹살은 먹기 좋게 잘라 팬에 올려 중불에 노릇노릇 구워 충분히 기름이 나오게 한다.; 팬 가장자리로 삼겹살을 놓고 양념한 오징어를 가운데에 올린다.; 노릇노릇 익은 삼겹살은 양념한 오징어 위에 올리고 전체적으로 골고루 섞어가며 볶는다.; 오징어가 완전히 익으면 쌈과 밥과 함께 먹는다.",4인분,20분 이내
"10분컷, 아보카도 간장와사비 계란밥","밥1공기, 아보카도, 계란, 간장, 와사비","아보카도를 반으로 갈라 이쁘게 잘라줍니다.; 계란 후라이를 만들어 줍니다.; 계란이 맛있게 익는 동안, 간장 2스푼과 와사비 반스푼을 넣고 섞어줍니다.; 밥 위에 예쁘게 자른 아보카도와 계란후라이를 올리고, 만들어 둔 간장와사비 소스를 부어 줍니다.",1인분,10분 이내
감칠맛 가득 밥반찬 애호박 새우마요 볶음,"새우, 애호박, 올리브유, 참기름, 맛술, 간장, 마요네즈, 와사비, 후추, 쪽파","새우는 꼬리를 제거해 준비해요.; 애호박은 큼지막하게 썰어주고, 쪽파는 송송 썰어 준비해요.; 팬에 올리브유와 참기름을 섞어 두르고 새우를 볶아요.; 새우 색이 변하기 시작하면 애호박을 넣어 섞어주고 뚜껑을 덮어 중불에서 2분간 끓여요.; 물기가 생겨 숨이 죽으면 맛술, 와사비, 간장, 마요네즈, 후추를 넣어 볶아요.; 쪽파를 뿌려 완성해요.",1인분,20분 이내
감자꽈리고추조림 밥통 거덜내는 무시무시한 저녁반찬 ,"감자, 꽈리고추작은거, 다진마늘, 고추장, 된장, 고춧가루, 설탕, 진간장, 맛술, 참기름, 올리고당","껍질벗긴 감자는 일정한 크기로 잘라요 찬물에 헹궈 물기를 탈탈 털어주세요; 설탕 1큰술, 진간장 2큰술, 맛술 1큰술, 참기름 1작은술 분량의 재료들을 잘 섞어요; 기름 두른 팬에 감자 넣어 구워주세요; 감자 노릇해지면 팬바닥에 고춧가루 1큰술, 된장 1작은술, 고추장 1큰술 넣어 팬바닥에 볶아요; 양념장 추가해 잘 섞다가 물 1컵 (180ml) 추가해요; 끓기 시작하면 꽈리고추, 다진마늘 1큰술, 올리고당 1큰술 잘 섞어주면 완성입니다",2인분,15분 이내
간단하고 맛있게 대파소시지달걀볶음밥 만들기,"대파, 소시지, 달걀, 밥, 진간장, 굴소스, 소금, 후추, 참기름",대파는 잘게 썰어주세요.; 소시지도 잘게 썰어줍니다.; 식용유를 두른 팬에 대파를 넣고 볶아줍니다.; 파향이 올라오면 소시지를 넣고 노릇해질때까지 볶아주세요.; 소시지가 노릇해지면 볶아둔 재료는 한쪽으로 밀고 달걀을 넣고 스크램블을 만들어줍니다.; 스크램블이 완성되면 볶아둔 재료를 섞고 밥을 넣고 볶아줍니다.; 밥이 골고루 볶아지면 한쪽으로 밀고 빈공간에 간장을 부어서 졸이듯이 끓여주세요.; 간장이 끓으면 밥과 함께 섞어줍니다.; 그리고 굴소스도 넣고 살짝 볶습니다.; 간을 한번 보고 후추와 소금으로 밑간을 맞춰주세요.; 참기름도 넣고 잔열에서 살짝 볶습니다.; 완성~!,1인분,10분 이내
간단 콩나물반찬 콩나물요리 매운 콩나물무침 빨간 콩나물무침,"콩나물, 대파흰부분, 물, 소금, 식용유, 고춧가루, 국간장, 참기름, 깨소금, 소금","대파 흰부분은 잘게 다져 주세요~; 콩나물 손질 콩나물 대가리 부분에 콩껍질은 벗겨 내고꼬리는 아스파라긴산이 많다고 하니 그대로 두고 흐르는 물에 두어번 정도 깨끗이 씻어 주면 손질 끝!; 냄비에 물 한컵 정도 붓고 소금 1스푼과 식용유 1스푼 넣고손질한 콩나물 넣고 냄비 뚜껑 닫고 3분 정도 삶아 주세요~; 콩나물 3분 삶은 후 바로 냄비뚜껑 열지 말고 30초 ~ 1분 정도 뜸을 들였다 뚜껑을 열어 주세요~; 삶은 콩나물은 건져 찬물에 한번만 헹궈 준 후 체에 받쳐 물기를 완전히 빼 주세요~; 볼에 콩나물과 다진 파를 담아 주세요~; 적힌 분량의 고춧가루, 국간장, 참기름, 깨소금, 소금을 넣어 주세요~; 버물 버물 무쳐 주면 빨간 콩나물무침 완성입니다",3인분,15분 이내
대패 제육볶음 레시피 대패삼겹살 돼지 대패 두루치기,"대패삼겹살, 대파, 양파, 설탕, 올리고당, 참기름, 통깨, 후추, 고춧가루, 고추장, 진간장, 다진마늘, 매실액, 맛술","대패삼겹살 700g을 준비해 주세요; 대파는 얇게 채썰고 양파는 큼직하게 잘라주세요; 고춧가루 3큰술, 고추장 2큰술, 진간장 5큰술, 다진마늘 1큰술, 매실액 1큰술, 맛술 2큰술을 넣어 양념장을 만들어 주세요; 강불로 달군 팬에 대패삼겹살을 넣고 구워주세요; 이 때 양념이 고기에 잘 밸 수 있게 설탕을 1큰술 넣어주세요; 고기를 구우면서 나오는 물과 기름은 따라내주세요; 고기가 모두 익으면 야채와 양념장을 함께 넣고 볶아주세요; 물이 생기지 않게 강불로 볶아주세요; 양념소스가 고기와 잘 어우러지면 올리고당 2큰술, 통깨 1큰술을 넣고 휘리릭 볶아주세요; 불을 끄고 후추 넉넉히, 참기름 2큰술 둘러 마무리해 주세요; 매콤달달한 대패 두루치기 완성입니다",4인분,30분 이내
아이 반찬 콩나물 & 크래미 무침 - 아이들 콩나물과 친해져요.,"콩나물, 크래미, 대파, 소금, 들기름, 깨소금","냄비에 깨끗이 씻은 콩나물과 물을 적당히 넣고 뚜껑을 덮고 삶아요. 냄비에 거품이 일어나면 2분 후 불을 끄고 1분쯤 뜸을 들입니다. 뚜껑을 열어 콩나물을 건져 찬물에 헹구고 물기를 꼬옥 짜주세요.; 크래미는 손으로 잘라주고 대파는 송송 썰어주세요.; 볼에 분량의 소스(소금, 들기름, 깨소금)와 콩나물을 조물조물 무칩니다.",4인분,30분 이내
쪽파계란말이 만들기-딸에게#,"계란, 미림, 참치액, 쪽파, 기름",,,
버섯으로 관자 느낌 내는 방법! 새송이버섯간장버터구이 만들기,"새송이버섯, 버터, 어린잎채소, 간장, 맛술, 올리고당","버섯의 밑동과 갓을 잘라낸 뒤, 3~4등분 한다; 자른버섯의 양면에 칼집을 낸다; 팬에 버터를 녹인다; 버섯을 굽는다; 불을 약불로 줄이고 소스를 넣고 졸인다",1인분,15분 이내
제육볶음 레시피 대패 삼겹살 오징어제육볶음 양념소스,"대패삼겹살, 오징어, 양파, 대파, 애호박, 당근, 설탕, 올리고당, 후추, 통깨, 고춧가루, 진간장, 다진마늘, 맛술, 고추장, 매실액","고춧가루 3큰술, 진간장 5큰술, 다진마늘 1큰술, 맛술 2큰술, 고추장 1큰술, 매실액 1큰술을 넣어 양념장을 만들어 주세요; 양파 1개, 당근 40g, 애호박 1/3개, 대파 1대를 큼직하게 썰어 준비해 주세요; 오징어는 중간크기로 2마리, 깨끗하게 세척한 후 몸통 안쪽으로 칼집을 넣어주세요. 양념이 입혀지는 반찬류는 오징어에 칼집을 넣어줘야 양념이 잘 배어들어 맛이 좋아요; 오징어를 큼직하게 잘라주세요. 오징어는 익으면서 수축하기 때문에 크기를 크게 잘라주는게 좋아요; 중강불로 예열된 팬에 대패삼겹살 500g을 넣고 볶다가 고기가 반정도 익으면 설탕 2큰술을 넣어 같이 볶아주세요; 고기가 어느정도 익으면 양념장과 잘라둔 야채를 모두 넣어주세요; 야채들이 살캉하게 익으면 오징어를 넣고 강불로 볶아주세요; 오징어까지 모두 익으면 대파를 넣고 휘리릭 섞 듯 볶아주세요. 그리고 올리고당 한바퀴를 둘러 단맛을 입혀주세요; 마무리는 통깨와 후추로 해주시면 됩니다; 맵달한 밥도둑 오징어제육 완성입니다 :)",4인분,30분 이내
[밑반찬] 10분 밑반찬 딱딱하지않고 부드러운 오징어채,"오징어채, 소주또는맛술, 마요네즈, 식용유, 다진마늘, 고추장, 고추가루, 간장, 올리고당, 설탕, 마요네즈, 참기름, 깨","긴 오징어채는 가위로 잘라주고소주 2잔을 부어 버무려준 뒤 기다린다.준비된 양념(고추장 1큰술, 고추가루 1/2큰술, 간장 1큰술, 올리고당 1큰술, 설탕 1큰술)을 따로 준비해주세요; 소주에 버무려진 오징어채에 마요네즈 1큰술을 넣고 무쳐주세요; 팬에 다진마늘 1/2큰술을 넣고 마늘 기름을 내주세요마늘이 타지 않도록 중불로 기름을 내주세요; 마늘이 노릇해지면 준비된 양념을 부어주세요; 마요네즈 1큰술을 추가해서 섞어주세요; 바글바글 끓어오르면 준비된 오징어채를 넣어주세요; 빠르게 버무리고 불을 꺼주세요이후 참기름과 깨를 넣고 한번 더 버무려 주세요; 완성입니다.냉장고 속에서도 딱딱해지지 않고 비린맛도 없는 오징어채 완성입니다.",4인분,5분 이내
"밀가루 없이 두부도우로 피자만들기, 두부피자","두부, 토마토소스, 양파, 방울토마토, 닭가슴살, 모짜렐라치즈","두부는(500g) 넓게 잘라 2~3등분 하고 물기를 제거해요.; 양파는 얇게 채 썰고 방울토마토는 4등분하고 닭가슴살은 결대로 찢어 준비해요.; 약불로 예열된 팬에 올리브유를 조금 두르고 한 면을 구운 후 뒤집어요.; 두부 위에 토마토 소스를 2숟가락 올려 펴 발라요.; 소스 위에 양파, 닭가슴살, 토마토, 모짜렐라 치즈, 파슬리가루 순서로 올려요.; 뚜껑을 닫고 약불에서 약 5분간 구워 완성해요.",3인분,30분 이내
생일상으로 딱 <하트맛살전> : 사랑하는 마음을 담아서 짜란,"맛살, 계란, 참치캔, 청양고추, 양파, 소금, 후추","하트맛살전을 위해 맛살을 하트모양으로 만들고 산적꼬치를 이용해 고정시켜주세요.; 준비된 맛살을 모두 하트모양으로 만들어주세요.; 하트맛살전 속에 들어갈 재료를 만들어줍니다.; 후라이팬에 기름을 두르고 맛살을 먼저 익혀줍니다.; 맛살이 어느정도 익으면, 미리 만들어둔 속재료를 활용해 맛살의 안을 가득 채워줍니다.; 뒤집어서 반대편도 익혀줍니다.; 키친타월을 이용해 기름기를 빼 주고, 하트모양 바깥으로 벗어난 계란은 살살 떼어내주세요.; 사랑하는 마음 가득담아 플레이팅 해 주면 완성입니다.",2인분,60분 이내
상큼한 크래미 오이 숙주무침,"숙주, 크래미, 오이, 마늘, 설탕, 식초, 소금, 후추, 통깨, 참기름","숙주를 깨끗이 씻어 끓는 물에 1분정도 데친 뒤 찬물에 헹구어 손으로 물기를 꼭 짜서 준비해주세요.; 크래미 3개를 결대로 잘게 찢어주세요.; 오이는 얇게 채썰어주세요; 볼에 숙주,크래미,오이를 담고 위의 양념을 넣어 잘 버무려주세요.; 새콤달콤 크래미 오이 숙주무침 완성입니다~ 아이들도 새콤달콤해서 정말 잘 먹는답니다 ^^",4인분,10분 이내
양배추오믈렛..,"계란, 양배추, 소금, 모짜렐라치즈, 카놀라유, 케찹",계란 3개에 소금 두꼬집을 넣어 풀어요.; 양배추는 가늘게 채 썰어계란물에 넣어 섞어요.; 달궈진팬에 카놀라유 두르고영배추반죽물을 넣고모짜렐라치즈를 솔솔 뿌려요.; 아랫면이 익으면 반으로 접어약불에서 치즈가 녹을때까지 기다려요.; 치즈가 녹으면 접시에 담고; 케첩을 뿌려주면; 완성 ~!,1인분,5분 이내
무조림 만들기,"고추장, 고춧가루, 진간장, 국간장, 다진마늘, 설탕, 된장, 멸치육수, 무일반사이즈1개또는작은사이즈2개",먼저 무를 물이 찰랑찰랑 담길정도 물을부어 속이 익을수있게 끓여주세요; 무 속이 반이상 익어야해요; 무 익힌 물은 따라내고 육수를 부어주시거나 아니면 끓인물 그대로 만들어도 상관은없어요 ㅎㅎ 육수가 맛있으니까 저는이렇게 하는 편이예요^^ 무가 살짝 잠길정도의 육수양입니다~ 이제 분량의 양념을 넣고 센불에 보글볼글 끓이다가 끓어오르면 중약불로 줄여 은근히 졸여내 주세요; 무가 뭉근하게 익고 양념이 잘 배어들면 됩니다~무조림 참 쉽쥬? 매운거 좋아하는 저는 청량고추 퐈퐈~~~ 이웃님도 맛있는 무조림 만들어 드세요~~^^,,
♥[신혼밥상] 팽이버섯 덮밥,"팽이버섯, 대파, 양파, 달걀, 참기름, 통깨, 간장, 굴소스, 설탕, 맛술, 물","팽이버섯은 3등분으로 자르고 양파와 대파는 채썰어주세요.; 간장 2, 맛술 2, 물 3, 굴소스 0.5, 설탕 0.5숟가락을 넣고 소스를 만들어주세요.; 달군팬에 기름을 두르고 대파, 양파, 팽이버섯을 넣고 숨이 죽을 만큼 살짝 볶아주세요.; 소스를 부어주세요.; 국물이 자작자작해질때까지 조려주면 완성!; 국물이 자작해질 동안 달걀프라이 하나 ^^; 밥을 담고 달걀프라이를 올린 다음 흰자 위로 팽이버섯 비~잉참기름 톡~통깨 뿌려주면 초간단 초저렴 든든한끼 완성!",1인분,10분 이내
10분컷 간단 캠핑요리 ‘ 어묵 볶음밥 ’ 아이들 입맛 저격!,"어묵, 식은밥, 소금, 후추, 대파, 소시지, 양파, 식용유, 굴소스","어묵 다이스로 자르고, 야채들이나 소시지,햄 등 원하는 재료 뭐든 가능해요!; 팬에 식용유를 두르고 양파랑 파를 볶아주세요; 어묵이랑 소시지를 넣고 볶다가 밥을 한 공기 넣어주세요; 여기서 꿀팁인데 간을 맞출 때, 어묵탕스프를 1/3 넣어주세요 (없다면 굴소스 1스푼, 소금 ,후추로 간을 해주세요); 마지막으로 한 번 더 휘리릭 볶아 참기름 한바퀴 두르면 끝!; 여기 계란 올려먹으면 더 꿀맛",1인분,15분 이내
유아반찬~굴소스어묵소세지볶음!,"납작어묵, 프랑크소세지, 대파, 올리브유, 다진마늘, 굴소스, 올리고당, 참기름, 통깨","납작어묵과 프랑크소세지를 준비해주세요; 한입크기로 작게 잘라주세요 *저는 펄펄 끓인물에 담구었다가 빼주네요; 팬에 올리브유를 넣고 대파를 다져서 넣고 다진마늘을 넣어주세요; 1~2분을 센불에서 볶아주세요; 자른어묵과 소세지를 넣어 잘 섞어주시고 굴소스및 양념을 넣어주세요 *싱거우신경우 진간장을 추가하세요 단맛은 개인취향껏 조절하세요; 양념후 4~5분을 볶듯이 조려주시면 되세요 가스불을 꺼주시고 참기름과 통깨를 뿌려주시면 완성이네요; 입맛까다로운 초딩입맛들이 좋아하고 유아,어린이들이 좋아하는 밑반찬이 완성이 되었네요",4인분,15분 이내
베이컨 반찬 베이컨숙주볶음 레시피,"베이컨, 숙주, 청양고추, 대파, 식용유, 통깨, 쪽파, 간장, 맛술, 굴소스, 다진마늘, 올리고당","숙주는 흐르는 물에 여러 번 씻어주세요. 너무 세게 문지르면 오히려 물러질 수 있으니 살살 헹궈주세요. 그리고 채반에 받쳐 물기를 빼줍니다.; 청양고추와 대파는 송송 썰어줍니다. 베이컨은 한 입 크기로 잘라주세요.; 굴소스 볶음 소스 분량인 간장 0.5스푼, 맛술 1스푼, 굴 소스 1스푼 다진 마늘 0.5스푼, 올리고당 0.5스푼을 볼에 담아 섞어주세요.; 달군 팬에 기름을 살짝 두르고 베이컨을 넣어주세요.; 베이컨이 한 장씩 떨어지면 청양고추와 대파를 넣어 볶아주세요.; 만들어 놓은 굴소스 소스를 넣고 양념이 잘 스며들도록 볶아주세요.; 마지막으로 숙주를 넣고 강불로 볶아주어요. 강불에서 재빠르게 볶아주어야 수분이 덜 생기고 아삭한 굴소스 숙주볶음이 됩니다.",4인분,30분 이내
다이어트 식단 브로콜리 두부무침 만드는 법,"브로콜리, 두부, 다진마늘, 간장, 멸치액젓, 참기름, 깨소금, 밀가루, 소금, 식초","브로콜리가 딱 맞게 들어갈 움푹한 그릇을 준비해서 밀가루 1큰술과 굵은소금 1큰술을 넣어 물에 잘 풀어줍니다.그리고 찬물과 브로콜리를 뒤집어 넣어 20분간 둡니다.; 그리고 브로콜리를 가볍게 헹궈 먹고 좋게 잘라 식초 1큰술 넣어 10분간 담가둡니다.; 끓은 물에 굵은소금 1작은술을 넣고 40초간 데칩니다.; 데친 브로콜리를 찬물로 여러 번 헹궈 식힙니다.그리고 브로콜리가 망가지지 않게 조심히 물기를 짜줍니다.; 두부를 끓은 물에 넣어 1분 데칩니다; 그리고 깨끗한 면포에 넣어 물기를 제거해 줍니다.; 물기를 제거한 두부를 예열된 프라이팬에 기름 살짝 두르고 2분 정도 볶아 한 김 식혀줍니다.; 볼에 브로콜리랑 두부를 넣고 다진마늘 1작은술, 간장 1큰술, 멸치액젓 1큰술을 넣고 조물조물 무쳐줍니다.; 그리고 참기름 1스푼과 깨소금을 뿌려 마무리해줍니다.",4인분,30분 이내
가츠동 대신 비비고 만두로 계란 만두 덮밥 만들기,"만두, 양파, 달걀, 간장진간장양조간장, 미림, 설탕, 멸치액젓, 식용유",양파는 7mm 두께로 얇게 썰어 준비해 주세요.; 팬에 식용유 둘러 만두와 양파를 함께 익혀주세요.; 양파가 투명해지면 STEP2에 모든 양념을 넣고 졸여주세요.; 달걀물을 만들어 절반만 둘러 넣어주세요.; 뚜껑 덮고 30초 익혀주세요.; 남은 계란물을 전체적으로 둘러주세요.; 기호에 맞게 달걀을 익혀주세요.; 밥 위에 얹어 기호에 따라 파슬리 뿌려 주면 더웃 멋진 플레이팅 완성입니다.,1인분,10분 이내
"크래미에 깻잎을 말아 구운 향긋한 전요리, 크래미깻잎전","크래미, 깻잎, 달걀, 부침가루, 소금, 식용유",깨끗하게 씻은 깻잎은 꼭지와 뾰족한 부분을 자르고 절반으로 잘라서 준비해요.; 깻잎으로 크래미를 감싸 말아요.; 말아둔 깻잎을 부침가루에 가볍게 굴려요.; 달걀을 소금과 함께 풀어서 준비해요.; 달궈진 팬에 기름을 두르고 말아둔 크래미를 달걀물에 묻혀서 올려요.; 앞뒤로 골고루 구워서 완성해요.,2인분,15분 이내
애호박 새우젓 볶음,"애호박, 양파, 다진마늘, 새우젓, 국간장, 소금, 들기름, 물",애호박을 깨끗이 씻은 후 양끝을 정리하고 반으로 잘라주세요.; 보통 애호박을 나박 썰기를 해서 볶는데 오늘은 조금 더 식감이 있게 두툼하게 썰어보았어요. 원하는 모양대로 썰어서 사용해 주세요.; 양파는 반을 자른 후 다시 가로로 반을 잘라 조금 넓적하게 잘라주세요.; 애호박과 비슷한 크기가 될 수 있도록 잘라주세요.; 살짝 달군 팬에 들기름을 둘러주세요.; 들기름을 두른 팬에 썰어 놓은 애호박을 넣고 골고루 기름을 입도록 살살 뒤적여가며 볶아주세요.; 애호박이 골고루 기름을 입었으면 다진 마늘도 넣어 함께 볶아주세요.; 썰어놓은 양파도 넣어 함께 볶아주세요.; 양파가 골고루 기름을 입은 것 같으면 새우젓을 넣어주세요.; 분량의 국간장과 물을 넣고 볶아주세요.; 국물이 적당히 졸아들고 애호박과 양파가 말갛게 익도록 볶아주세요. 최종적으로 간을 보고 조절해 주세요.; 완성된 애호박 새우젓 볶음을 접시에 담아내어주세요. 애호박의 달큰한 맛과 새우젓의 감칠맛 나는 짬조름함이 저절로 젓가락을 끌어당기는 맛이에요.,6인분 이상,30분 이내
"간단하게 만드는 밥도둑, 팽이버섯두부조림","두부, 팽이버섯, 대파, 간장, 맛술, 다진마늘, 올리고당, 고춧가루, 후추",두부는 약 1.5cm두깨로 썰어요.; 팽이버섯은 먹기 좋게 가닥가닥 가르고 반으로 잘라요.; 대파는 송송 썰어 준비해요.; 분량의 양념 재료를 섞어 양념장을 만들어요.; 예열된 팬에 들기름을 2숟가락 두르고 두부를 넣어 한쪽면을 노릇하게 구워요.; 두부를 뒤집어 준 후 팽이버섯을 올려요.; 팽이버섯 위에 양념장을 올리고 물을 80ml정도 부어 뚜껑을 닫아 약 3~5분간 익혀요.; 뚜껑을 열어 대파를 넣고 양념을 숟가락을 이용해 고루 펴 준 후 뚜껑을 닫아 1분간 익혀 완성해요.,2인분,20분 이내
휘리릭 볶아 완성하는 감자볶음 만들기,"감자, 스팸, 당근, 양파, 다진마늘, 식용유, 참기름, 깨소금","감자 2개는 껍질을 깎아서, 두껍지 않게 적당한 두께로 채 썰어주세요. 채 썰은 감자는 찬물에 30분 이상 담가서 전분기를 빼주고~; 끓는 물에 담아 3~5분정도 익혀 주세요~ 이 때, 너무 믹히게 되면 감자를 볶을 때 감자가 다 부숴지게 되니 살짝 덜 익히는게 포인트에요~!; 감자가 어느정도 익었을 때, 채에 건져 물기 빼주고 대기~; 다른 야채를 손질 할게요~ 당근 소량 채 썰어주고, 양파도 소량 채썰어주세요~ 1/2정도면 양파 양은 적당항 것 같아요. 스팸 100g도 먹기 좋은 두께로 길죽하게 썰어 준비해 줍니다; 이제 준비가 되었으면, 바로 볶을 준비에 들어갈게요~ 팬에 식용유를 넉넉히 두르고 다진마늘 1큰술 넣어 마늘기름이 충분히 나올 때 까지 볶아주세요.; 마늘 기름이 충분히 나오면, 당근과 스팸을 넣어 볶아주세요~ 가볍게 휘휘 볶아주다가~; 물기 털은 감자를 넣고, 양파도 넣어 주세요~; 이 때, 간을 맞추기 위한 소금을 넣고~ 함께 볶아 줍니다. 소금으로 간을 맞춰서 볶아 주고~; 마지막에 불을 끈 후, 참기름 1큰술, 깨소금 듬뿍 넣어 잔열에 볶아주면 끝이에요~; 살살살 야채들이 부서지지 않게 볶아 주세요~; 쨘~ 맛있는 감자볶음이 완성 되었어요~! 누구라도 부담 없이 편하게 먹을 수 있는 반찬~ 냉장고의 반찬 칸을 채우고 싶을 때, 휘리릭 볶아서 만들어 보세요~",,
[마늘종볶음]단짠단짠 자꾸만 손이가요~,"건새우, 물, 마늘쫑, 소금, 설탕, 간장, 식용유, 참기름, 물엿, 통깨","마늘종 300g을 4cm길이로 썰어주세요; 달궈진 마른팬에 건새우 50g을 넣고 중간불에서 1분간 볶아주세요.; 볶은 새우를 체에 올려 잔 가루를 털어 내주세요.; 팬에 불을 (센불)켜고 물 1/4컵을 넣고 끓여 줍니다.; 물이 끓어 오르면 마늘종 300g과 소금 1/3큰술을 넣고 수분이 없어질때까지 볶아줍니다.; 수분이 없어 졌을 때 볶아 놓은 건새우를 넣어주세요.; 설탕 2큰술을 넣고 살짝 볶아주고 설탕 입자가 있을때 간장4큰술을 넣어 줍니다.; 식용유 4큰술을 건새우쪽으로 넣고 볶아줍니다.; 불을 끄고 참기름 2큰술, 물엿 1큰술반, 통깨 1큰술을 넣고 잘 어우러지게 섞어서 맛있게 드시면 되세요~",3인분,20분 이내
베이컨 떡말이 어린이 간식 간단 술안주,"떡볶이떡, 베이컨, 파슬리, 머스타드",떡볶이떡은 물에 한번 씻어 끓는 물에 말랑해지도록 살짝 데쳐주세요 (2~3분); 데쳐준 떡은 채반에 밭쳐 물기를 빼주고 잠시 식혀주세요; 베이컨 10장은 반으로 잘라주세요; 베이컨 위에 떡을 올리고 짱짱하게 말아주세요; 베이컨 말이의 마감부분이 바닥으로 가게 놓고 중약불로 서서히 구워주세요; 낱개로 구운 베이컨은 먹기 좋게 꼬지에 꽂아 주세요; 파슬리 솔솔 뿌려 마무리 해주세요,2인분,20분 이내
달콤 짭조름♡ 떡 베이컨 간장조림♡,"베이컨, 대파, 떡, 간장, 참기름, 물엿, 기름","대파에 떡국떡 (가래떡, 떡볶이떡) 베이컨; 기름두르고 볶듯구워요.(튀기듯하면 더 맛있습니다); 간장.물엿.참기름을 넣어 볶아요. 간장 한스푼, 물엿 넉넉히, 참기름한스푼(이런 느낌 비율로. ); 볶아주며 졸입니다.; 국물없게끔 졸여야 맛있어용: ); 깨도 뿌리고 한번 볶아준 후 끝.; 완성^^",3인분,5분 이내
소고기무국,"소고기국거리, 무, 대파, 국간장, 다진마늘, 소금, 참기름, 쌀뜨물",소고기무국을 소개합니다.; 소고기국거리용을 참기름을 넣고 팬에 볶아주세요.; 무는 두툼하게 썰어서 함께 볶아준후 쌀뜨물을 넉넉하게 넣어주세요.; 국간장 1스푼을 넣어주세요.; 다진마늘을 넣어서 한소큼 끓여준후 거품은 숟가락으로 걷어내주세요.; 대파를 넉넉하게 송송 썰어주세요.; 대파를 넣어주세요.; 부족하기 쉬운 간을 굵은소금으로 맞추어주세요.; 소고기무국이 완성되었습니다.,4인분,20분 이내
아삭아삭한 고추된장박이 ,"풋고추, 된장, 다진마늘, 송송썰은대파, 참기름, 통깨, 매실원액, 설탕","풋고추는 깨끗이 씻은후 한입크기로 적당히 썰고, 파는 송송썰어서 1스푼가량 준비합니다.; 분량의 양념을 넣고, 잘 섞어준후...; 썰어논 고추/파와 함께.. 잘 버무려 주면 완성이랍니다. ^^",,15분 이내
밥도둑 반찬 고추장 달걀조림 만들기!TV 알토란 레시피,"달걀, 양파, 청양고추, 쪽파또는대파, 멸치육수, 고추장, 고춧가루, 진간장, 설탕, 물엿, 참기름, 깨, 후추","먼저 물에 소금1T,식초1T를 섞어 달걀을 7-8분 반숙으로 삶아 줍니다.; 달걀이 삶아지는 동안 양파는 굵게 채 썰고 청양고추도 큼직큼직 썰어주셔요; 달걀이 삶아지면 얼음물에 바로 행궈 껍질을 깔끔히 잘 벗겨 줍니다.; 참기름과 깨를 제외한 모든 양념을 한곳에 미리 섞어주셔요.; 냄비에 멸치육수를 넣고 양념을 잘 풀어 주신뒤 끓여줍니다.; 양념이 끓기 시작하면 양파와 청양고추를 넣고 끓여줍니다.; 양념이 반정도 졸아들었다 싶을때 반숙달걀을 투하 해줍니다.이대로 약 2분정도 더 끓여주시면서 달걀에 색이 입혀지게 국물을 끼얹어 주세요; 마지막으로 참기름 2T와 깨1T를 넣고 잘섞어주시고 쪽파를 고명으로 올려주시면 끝!; 밥도둑 반찬 알토란 임성근님의 고추장 달걀조림 완성입니다^^; 한번 먹어보니 촉촉한 반숙달걀에 매콤달콤 양념이 어우려져 넘 맛있네요.꼭 떡볶이 양념같은게 은근 중독성 있고 정말 짱짱짱!뜨끈한 밥에 비벼 먹으면 밥 한공기 뚝딱 하게 됩니다^^",3인분,20분 이내
다이어트 식단 표에 넣기 좋은 원팬 양파 볶음밥,"양파, 슬라이스마늘, 밥, 올리브오일, 간장, 후추, 굴소스, 깨, 달걀, 닭가슴살","팬에 올리브오일 1 큰 술 넣는다. 채 썬 양파 반 개와 슬라이스 마늘 10개 볶는다.; 갈색빛이 돌 때까지 볶는다. 캐러멜라이징 한다.; 간장 1 큰 술을 넣어준다.; 밥 1.5공기 넣어주고 굴 소스 1 작은 술 넣는다.; 양파, 마늘, 양념과 밥이 잘 섞이도록 볶는다. 팬에 넓게 펴주고 마무리한다.; 계란프라이 1개와 구운 닭 가슴살을 그릇에 올린다.; 밥에 깨 약간 후추 약간 뿌려 마무리한다.",2인분,10분 이내
우삼겹콩나물국 레시피,"우삼겹, 콩나물, 대파, 고춧가루, 맛술, 국간장, 액젓, 다진마늘","냄비에 식용유 2-3스푼 두르고 대파 약간, 고춧가루 2스푼넣고 볶아주기; 약불에서 타지않게 볶아줍니당~~; 우삼겹 250g (한 세주먹..?) 넣고 맛술도 1스푼 넣어주고고기익을때까지 볶아주기; 볶아볶아~~; 고기 다 익었다!!! 우삼겹이 다 익었으면; 육수 또는 물 800ml 넣어줍니당; 육수 없는 저는 육수코인을 또 투척ㅎㅎㅎ계속 끓여주세요~~~!!; 보글보글 끓으면 국간장 2스푼 넣어주고; 다진마늘도 1스푼 투척; 액젓도 1.5스푼 넣어줍니당 ✔️부족한 간은 소금이나 액젓으로 더해주세욤; 콩나물은 두 주먹정도 넣어주기 (더 넣으려다 냄비 넘칠까봐 참음ㅎㅎㅎ) 콩나물 익을때까지 끓여주다가; 후추 톡톡 뿌려서 마무리해주면 완성; 크으~얼큰~~한게 술도 안 마셨는데도 해장하기 너무 좋아버리는 맛!! 속이 자동으로 풀리는 맛이에요 버섯이나 당면 추가로 넣어줘도 너무 맛있을 거 같아요!",3인분,20분 이내
고추장 대신 된장소스 곁들인 감칠맛 가득 부추비빔밥,"부추, 참치85g, 달걀, 밥, 된장15g, 식초5g, 다진마늘5g, 청양고추, 들기름7g, 매실청6g",부추는 잘게 잘라요.; 참치는 물기 없이 짜서 준비해요.; 청양고추는 잘게 다져요.; 분량의 재료를 섞어서 된장비빔장을 만들어요.; 달걀후라이를 반숙으로 구워요.; 그릇에 밥>부추>달걀>참치>된장비빔장 순서로 넣어 완성해요.,1인분,15분 이내
매콤오이채무침 레시피 한끼반찬 오이요리,"가시오이, 고춧가루, 국간장, 참기름, 통깨",가시오이 한개는 소금으로 박박 문질러 씻은 후 주방필러로 오이가시부분을 제거해준 후 어슷썰어주세요.; 어슷썬 오이를 다시 채썰어줍니다.; 그리고 오이를 절이지 않고 바로 양념을 해줄께요. 고추가루 1T 넣어주고; 국간장 1T 넣어줍니다. 국간장을 넣으면 깊고 개운한 맛이 있어요.; 그리고 참기름도 1T 넣어줍니다.; 마지막으로 통깨 넉넉하게 넣어준 후 잘 버무려주면 매콤오이채무침 완성입니다.; 밥에 슥슥 비벼먹어도 아주 맛있어요^^,4인분,10분 이내
